Timestamp,Symbol,Type,Entry,StopLoss,TakeProfit,Outcome,Notes
2026-08-05 12:28:57 UTC,BTC/USDT:USDT,LONG,64115.15,64004.4,64500.0,OPEN,"15m structural displacement with verified FVG, confirmed by bullish H4 context. Target: recent swing high, R:R 1:3.5."
2026-08-05 12:28:57 UTC,SOL/USDT:USDT,LONG,73.785,73.68,74.26,OPEN,"15m structural displacement with verified FVG, confirmed by bullish H4 context. Target: recent swing high, R:R 1:4.5."
2026-08-05 12:28:57 UTC,BNB/USDT:USDT,LONG,597.0,596.0,602.6,OPEN,"15m structural displacement with verified FVG, confirmed by bullish H4 context. Target: recent swing high, R:R 1:5.6."
2026-08-05 12:28:57 UTC,XRP/USDT:USDT,LONG,1.06155,1.0594,1.0725,OPEN,"15m structural displacement with verified FVG, confirmed by bullish H4 context. Target: recent swing high, R:R 1:5.1."
2026-08-05 12:28:57 UTC,LINK/USDT:USDT,LONG,8.1535,8.141,8.204,OPEN,"15m structural displacement with verified FVG, confirmed by bullish H4 context. Target: recent swing high, R:R 1:4.0."
2026-08-05 12:28:57 UTC,BTC/USDT:USDT,LONG,64115.15,64004.4,64500.0,WIN,Target reached.
2026-08-05 12:28:57 UTC,SOL/USDT:USDT,LONG,73.785,73.68,74.26,WIN,Target reached.
2026-08-05 12:28:57 UTC,LINK/USDT:USDT,LONG,8.1535,8.141,8.204,WIN,Target reached.
2026-08-05 13:30:38 UTC,XRP/USDT:USDT,LONG,1.06155,1.0594,1.0725,LOSS,Stop loss hit.
